Workbook

Sheet 사용법
A1: 육류 단가표 사용법
A2: 1. [기준단가] 시트: 매입일보의 실제 매입단가(원/kg 가정). 새 입고가 있으면 파란색 글씨 칸만 수정하세요.
A3: 2. [월]~[일] 시트: 매입가는 기준단가에서 자동 연동. 노란색 칸(미트박스/금천미트 시세, 마진율, 수량)만 입력하세요.
A4: 3. 견적가 = 매입가 x (1+마진율), 10원 단위 반올림. 시세평균 대비 %가 +면 시세보다 비싸다는 뜻입니다.
A5: 4. 시세 입력 시 반드시 같은 브랜드/원산지/보관(냉장·냉동) 제품으로 맞추세요. 비고에 출처 날짜를 적으면 좋습니다.
A7: 주의/가정
A8: - 미트박스·금천미트는 로그인 후 가격 공개 도매몰이라, 작성 시점에 시세를 자동 조회하지 못해 시세 칸은 비워 두었습니다(임의 숫자 미기재).
A9: - 매입일보의 평균단가는 원/kg 단위로 가정했습니다. 박스단위면 알려주세요.
A10: - 같은 품목이 여러 번 입고된 경우 가장 최근 단가를 사용했습니다(돈A지방 10/21 2,400원, 돈미사태 10/22 8,500원 등).
A11: - 기본 마진율은 각 요일 시트 C3 셀(기본 15%)이며 가정치입니다. 회사 기준에 맞게 변경하세요.

Sheet 기준단가
A1: 기준단가 (매입일보 실제 매입가)
A3: No | B3: 품목 | C3: 브랜드 | D3: 원산지 | E3: 보관 | F3: 거래처 | G3: 최근 매입단가(원/kg) | H3: 최근 입고일 | I3: 비고
A4: 1 | B4: 돈목살(성산한방) | C4: 성산 | D4: 국내산 | E4: 냉장 | F4: (주)가은MPC | G4: 18000 | H4: 46314
A5: 2 | B5: 돈미박삼겹살 | C5: 성산 | D5: 국내산 | E5: 냉장 | F5: (주)가은MPC | G5: 18000 | H5: 46314
A6: 3 | B6: 돈삼겹살 | C6: 성산 | D6: 국내산 | E6: 냉장 | F6: (주)가은MPC | G6: 18500 | H6: 46314
A7: 4 | B7: 오즈갈비 | C7: - | D7: - | E7: 냉동 | F7: (주)가은MPC | G7: 10000 | H7: 46314
A8: 5 | B8: 우볼살 | C8: KILCOY | D8: 호주산 | E8: 냉동 | F8: (주)동원홈푸드 | G8: 14000 | H8: 46314
A9: 6 | B9: 우볼살(작업) | C9: AMH | D9: 호주산 | E9: 냉동 | F9: (주)선우프레시 | G9: 11000 | H9: 46317
A10: 7 | B10: 돈삼겹살 | C10: MARCHER | D10: 오스트리아 | E10: 냉동 | F10: (주)아이푸드트레이딩 | G10: 6000 | H10: 46314
A11: 8 | B11: 와규등심 | C11: - | D11: - | E11: - | F11: (주)위드유럽패니 | G11: 43000 | H11: 46314 | I11: 반품예정 - 견적 제외 권장
A12: 9 | B12: 우곱창(곡물) | C12: OAKEY | D12: 호주산 | E12: 냉동 | F12: 주식회사 명품미트 | G12: 4500 | H12: 46314
A13: 10 | B13: 우깐양 | C13: TEYS | D13: 호주산 | E13: 냉동 | F13: (주)선우프레시 | G13: 4700 | H13: 46316
A14: 11 | B14: 돈가브리살 | C14: - | D14: - | E14: 냉동 | F14: (주)대광축산 | G14: 22000 | H14: 46315
A15: 12 | B15: 돈항정살 | C15: - | D15: - | E15: 냉동 | F15: (주)대광축산 | G15: 31000 | H15: 46315
A16: 13 | B16: 돈미사태 | C16: - | D16: 국내산 | E16: 냉장 | F16: 태복청풍미트(주) | G16: 8500 | H16: 46317
A17: 14 | B17: 우삼겹양지 | C17: IBP | D17: 미국산 | E17: 냉동 | F17: (주)가흥 | G17: 9500 | H17: 46316
A18: 15 | B18: 돈A지방 | C18: - | D18: - | E18: 냉동 | F18: (주)대광축산 | G18: 2400 | H18: 46316 | I18: 10/19 가은MPC 2,500원
A19: 16 | B19: 돈갈비 | C19: - | D19: - | E19: 냉장 | F19: (주)돈우 | G19: 7500 | H19: 46316
A20: 17 | B20: 우안심살(A) | C20: TEYS | D20: 호주산 | E20: 냉장 | F20: (주)마블플러스원 | G20: 39000 | H20: 46316
A21: 18 | B21: 돈뽀(메이플) | C21: - | D21: 캐나다산 | E21: 냉동 | F21: (주)푸드본 | G21: 1950 | H21: 46317
A22: 19 | B22: 우차돌박이 | C22: EXCEL | D22: 미국산 | E22: 냉동 | F22: 캐틀팜 | G22: 24000 | H22: 46317
A25: 출처: 업로드된 매입일보(2026-10-19~10-22). 단가는 사용자 제공값.

Sheet 월
A1: 육류 단가표 - 월요일 (2026-10-26)
A3: 기본 마진율 | C3: 0.15 | D3: ← 가정치, 변경 가능
A5: 품목 | B5: 브랜드 | C5: 원산지 | D5: 보관 | E5: 매입단가 | F5: 미트박스 시세 | G5: 금천미트 시세 | H5: 시세평균 | I5: 견적가(마진적용) | J5: 시세평균 대비 | K5: 고객 수량(kg) | L5: 견적 금액 | M5: 메모/출처
A6: =기준단가!B4 -> 돈목살(성산한방) | B6: =기준단가!C4 -> 성산 | C6: =기준단가!D4 -> 국내산 | D6: =기준단가!E4 -> 냉장 | E6: =기준단가!G4 -> 18000 | H6: =IF(COUNT(F6:G6)=0,"",AVERAGE(F6:G6)) | I6: =ROUND(E6*(1+$C$3),-1) -> 20700 | J6: =IF(H6="","",I6/H6-1) | L6: =IF(K6="","",K6*I6)
A7: =기준단가!B5 -> 돈미박삼겹살 | B7: =기준단가!C5 -> 성산 | C7: =기준단가!D5 -> 국내산 | D7: =기준단가!E5 -> 냉장 | E7: =기준단가!G5 -> 18000 | H7: =IF(COUNT(F7:G7)=0,"",AVERAGE(F7:G7)) | I7: =ROUND(E7*(1+$C$3),-1) -> 20700 | J7: =IF(H7="","",I7/H7-1) | L7: =IF(K7="","",K7*I7)
A8: =기준단가!B6 -> 돈삼겹살 | B8: =기준단가!C6 -> 성산 | C8: =기준단가!D6 -> 국내산 | D8: =기준단가!E6 -> 냉장 | E8: =기준단가!G6 -> 18500 | H8: =IF(COUNT(F8:G8)=0,"",AVERAGE(F8:G8)) | I8: =ROUND(E8*(1+$C$3),-1) -> 21280 | J8: =IF(H8="","",I8/H8-1) | L8: =IF(K8="","",K8*I8)
A9: =기준단가!B7 -> 오즈갈비 | B9: =기준단가!C7 -> - | C9: =기준단가!D7 -> - | D9: =기준단가!E7 -> 냉동 | E9: =기준단가!G7 -> 10000 | H9: =IF(COUNT(F9:G9)=0,"",AVERAGE(F9:G9)) | I9: =ROUND(E9*(1+$C$3),-1) -> 11500 | J9: =IF(H9="","",I9/H9-1) | L9: =IF(K9="","",K9*I9)
A10: =기준단가!B8 -> 우볼살 | B10: =기준단가!C8 -> KILCOY | C10: =기준단가!D8 -> 호주산 | D10: =기준단가!E8 -> 냉동 | E10: =기준단가!G8 -> 14000 | H10: =IF(COUNT(F10:G10)=0,"",AVERAGE(F10:G10)) | I10: =ROUND(E10*(1+$C$3),-1) -> 16100 | J10: =IF(H10="","",I10/H10-1) | L10: =IF(K10="","",K10*I10)
A11: =기준단가!B9 -> 우볼살(작업) | B11: =기준단가!C9 -> AMH | C11: =기준단가!D9 -> 호주산 | D11: =기준단가!E9 -> 냉동 | E11: =기준단가!G9 -> 11000 | H11: =IF(COUNT(F11:G11)=0,"",AVERAGE(F11:G11)) | I11: =ROUND(E11*(1+$C$3),-1) -> 12650 | J11: =IF(H11="","",I11/H11-1) | L11: =IF(K11="","",K11*I11)
A12: =기준단가!B10 -> 돈삼겹살 | B12: =기준단가!C10 -> MARCHER | C12: =기준단가!D10 -> 오스트리아 | D12: =기준단가!E10 -> 냉동 | E12: =기준단가!G10 -> 6000 | H12: =IF(COUNT(F12:G12)=0,"",AVERAGE(F12:G12)) | I12: =ROUND(E12*(1+$C$3),-1) -> 6900 | J12: =IF(H12="","",I12/H12-1) | L12: =IF(K12="","",K12*I12)
A13: =기준단가!B11 -> 와규등심 | B13: =기준단가!C11 -> - | C13: =기준단가!D11 -> - | D13: =기준단가!E11 -> - | E13: =기준단가!G11 -> 43000 | H13: =IF(COUNT(F13:G13)=0,"",AVERAGE(F13:G13)) | I13: =ROUND(E13*(1+$C$3),-1) -> 49450 | J13: =IF(H13="","",I13/H13-1) | L13: =IF(K13="","",K13*I13)
A14: =기준단가!B12 -> 우곱창(곡물) | B14: =기준단가!C12 -> OAKEY | C14: =기준단가!D12 -> 호주산 | D14: =기준단가!E12 -> 냉동 | E14: =기준단가!G12 -> 4500 | H14: =IF(COUNT(F14:G14)=0,"",AVERAGE(F14:G14)) | I14: =ROUND(E14*(1+$C$3),-1) -> 5180 | J14: =IF(H14="","",I14/H14-1) | L14: =IF(K14="","",K14*I14)
A15: =기준단가!B13 -> 우깐양 | B15: =기준단가!C13 -> TEYS | C15: =기준단가!D13 -> 호주산 | D15: =기준단가!E13 -> 냉동 | E15: =기준단가!G13 -> 4700 | H15: =IF(COUNT(F15:G15)=0,"",AVERAGE(F15:G15)) | I15: =ROUND(E15*(1+$C$3),-1) -> 5410 | J15: =IF(H15="","",I15/H15-1) | L15: =IF(K15="","",K15*I15)
A16: =기준단가!B14 -> 돈가브리살 | B16: =기준단가!C14 -> - | C16: =기준단가!D14 -> - | D16: =기준단가!E14 -> 냉동 | E16: =기준단가!G14 -> 22000 | H16: =IF(COUNT(F16:G16)=0,"",AVERAGE(F16:G16)) | I16: =ROUND(E16*(1+$C$3),-1) -> 25300 | J16: =IF(H16="","",I16/H16-1) | L16: =IF(K16="","",K16*I16)
A17: =기준단가!B15 -> 돈항정살 | B17: =기준단가!C15 -> - | C17: =기준단가!D15 -> - | D17: =기준단가!E15 -> 냉동 | E17: =기준단가!G15 -> 31000 | H17: =IF(COUNT(F17:G17)=0,"",AVERAGE(F17:G17)) | I17: =ROUND(E17*(1+$C$3),-1) -> 35650 | J17: =IF(H17="","",I17/H17-1) | L17: =IF(K17="","",K17*I17)
... A24: =기준단가!B22 -> 우차돌박이 | B24: =기준단가!C22 -> EXCEL | C24: =기준단가!D22 -> 미국산 | D24: =기준단가!E22 -> 냉동 | E24: =기준단가!G22 -> 24000 | H24: =IF(COUNT(F24:G24)=0,"",AVERAGE(F24:G24)) | I24: =ROUND(E24*(1+$C$3),-1) -> 27600 | J24: =IF(H24="","",I24/H24-1) | L24: =IF(K24="","",K24*I24)
A26: 합계(견적 금액) | L26: =SUM(L6:L24) -> 0
A28: 예시: 미트박스 시세 칸에 같은 브랜드 제품의 kg당 가격을 입력 → 시세평균·견적가 비교가 자동 계산됩니다. 노란색=입력칸.

Sheet 화
A1: 육류 단가표 - 화요일 (2026-10-27)
A3: 기본 마진율 | C3: 0.15 | D3: ← 가정치, 변경 가능
A5: 품목 | B5: 브랜드 | C5: 원산지 | D5: 보관 | E5: 매입단가 | F5: 미트박스 시세 | G5: 금천미트 시세 | H5: 시세평균 | I5: 견적가(마진적용) | J5: 시세평균 대비 | K5: 고객 수량(kg) | L5: 견적 금액 | M5: 메모/출처
A6: =기준단가!B4 -> 돈목살(성산한방) | B6: =기준단가!C4 -> 성산 | C6: =기준단가!D4 -> 국내산 | D6: =기준단가!E4 -> 냉장 | E6: =기준단가!G4 -> 18000 | H6: =IF(COUNT(F6:G6)=0,"",AVERAGE(F6:G6)) | I6: =ROUND(E6*(1+$C$3),-1) -> 20700 | J6: =IF(H6="","",I6/H6-1) | L6: =IF(K6="","",K6*I6)
A7: =기준단가!B5 -> 돈미박삼겹살 | B7: =기준단가!C5 -> 성산 | C7: =기준단가!D5 -> 국내산 | D7: =기준단가!E5 -> 냉장 | E7: =기준단가!G5 -> 18000 | H7: =IF(COUNT(F7:G7)=0,"",AVERAGE(F7:G7)) | I7: =ROUND(E7*(1+$C$3),-1) -> 20700 | J7: =IF(H7="","",I7/H7-1) | L7: =IF(K7="","",K7*I7)
A8: =기준단가!B6 -> 돈삼겹살 | B8: =기준단가!C6 -> 성산 | C8: =기준단가!D6 -> 국내산 | D8: =기준단가!E6 -> 냉장 | E8: =기준단가!G6 -> 18500 | H8: =IF(COUNT(F8:G8)=0,"",AVERAGE(F8:G8)) | I8: =ROUND(E8*(1+$C$3),-1) -> 21280 | J8: =IF(H8="","",I8/H8-1) | L8: =IF(K8="","",K8*I8)
A9: =기준단가!B7 -> 오즈갈비 | B9: =기준단가!C7 -> - | C9: =기준단가!D7 -> - | D9: =기준단가!E7 -> 냉동 | E9: =기준단가!G7 -> 10000 | H9: =IF(COUNT(F9:G9)=0,"",AVERAGE(F9:G9)) | I9: =ROUND(E9*(1+$C$3),-1) -> 11500 | J9: =IF(H9="","",I9/H9-1) | L9: =IF(K9="","",K9*I9)
A10: =기준단가!B8 -> 우볼살 | B10: =기준단가!C8 -> KILCOY | C10: =기준단가!D8 -> 호주산 | D10: =기준단가!E8 -> 냉동 | E10: =기준단가!G8 -> 14000 | H10: =IF(COUNT(F10:G10)=0,"",AVERAGE(F10:G10)) | I10: =ROUND(E10*(1+$C$3),-1) -> 16100 | J10: =IF(H10="","",I10/H10-1) | L10: =IF(K10="","",K10*I10)
A11: =기준단가!B9 -> 우볼살(작업) | B11: =기준단가!C9 -> AMH | C11: =기준단가!D9 -> 호주산 | D11: =기준단가!E9 -> 냉동 | E11: =기준단가!G9 -> 11000 | H11: =IF(COUNT(F11:G11)=0,"",AVERAGE(F11:G11)) | I11: =ROUND(E11*(1+$C$3),-1) -> 12650 | J11: =IF(H11="","",I11/H11-1) | L11: =IF(K11="","",K11*I11)
A12: =기준단가!B10 -> 돈삼겹살 | B12: =기준단가!C10 -> MARCHER | C12: =기준단가!D10 -> 오스트리아 | D12: =기준단가!E10 -> 냉동 | E12: =기준단가!G10 -> 6000 | H12: =IF(COUNT(F12:G12)=0,"",AVERAGE(F12:G12)) | I12: =ROUND(E12*(1+$C$3),-1) -> 6900 | J12: =IF(H12="","",I12/H12-1) | L12: =IF(K12="","",K12*I12)
A13: =기준단가!B11 -> 와규등심 | B13: =기준단가!C11 -> - | C13: =기준단가!D11 -> - | D13: =기준단가!E11 -> - | E13: =기준단가!G11 -> 43000 | H13: =IF(COUNT(F13:G13)=0,"",AVERAGE(F13:G13)) | I13: =ROUND(E13*(1+$C$3),-1) -> 49450 | J13: =IF(H13="","",I13/H13-1) | L13: =IF(K13="","",K13*I13)
A14: =기준단가!B12 -> 우곱창(곡물) | B14: =기준단가!C12 -> OAKEY | C14: =기준단가!D12 -> 호주산 | D14: =기준단가!E12 -> 냉동 | E14: =기준단가!G12 -> 4500 | H14: =IF(COUNT(F14:G14)=0,"",AVERAGE(F14:G14)) | I14: =ROUND(E14*(1+$C$3),-1) -> 5180 | J14: =IF(H14="","",I14/H14-1) | L14: =IF(K14="","",K14*I14)
A15: =기준단가!B13 -> 우깐양 | B15: =기준단가!C13 -> TEYS | C15: =기준단가!D13 -> 호주산 | D15: =기준단가!E13 -> 냉동 | E15: =기준단가!G13 -> 4700 | H15: =IF(COUNT(F15:G15)=0,"",AVERAGE(F15:G15)) | I15: =ROUND(E15*(1+$C$3),-1) -> 5410 | J15: =IF(H15="","",I15/H15-1) | L15: =IF(K15="","",K15*I15)
A16: =기준단가!B14 -> 돈가브리살 | B16: =기준단가!C14 -> - | C16: =기준단가!D14 -> - | D16: =기준단가!E14 -> 냉동 | E16: =기준단가!G14 -> 22000 | H16: =IF(COUNT(F16:G16)=0,"",AVERAGE(F16:G16)) | I16: =ROUND(E16*(1+$C$3),-1) -> 25300 | J16: =IF(H16="","",I16/H16-1) | L16: =IF(K16="","",K16*I16)
A17: =기준단가!B15 -> 돈항정살 | B17: =기준단가!C15 -> - | C17: =기준단가!D15 -> - | D17: =기준단가!E15 -> 냉동 | E17: =기준단가!G15 -> 31000 | H17: =IF(COUNT(F17:G17)=0,"",AVERAGE(F17:G17)) | I17: =ROUND(E17*(1+$C$3),-1) -> 35650 | J17: =IF(H17="","",I17/H17-1) | L17: =IF(K17="","",K17*I17)
... A24: =기준단가!B22 -> 우차돌박이 | B24: =기준단가!C22 -> EXCEL | C24: =기준단가!D22 -> 미국산 | D24: =기준단가!E22 -> 냉동 | E24: =기준단가!G22 -> 24000 | H24: =IF(COUNT(F24:G24)=0,"",AVERAGE(F24:G24)) | I24: =ROUND(E24*(1+$C$3),-1) -> 27600 | J24: =IF(H24="","",I24/H24-1) | L24: =IF(K24="","",K24*I24)
A26: 합계(견적 금액) | L26: =SUM(L6:L24) -> 0
A28: 예시: 미트박스 시세 칸에 같은 브랜드 제품의 kg당 가격을 입력 → 시세평균·견적가 비교가 자동 계산됩니다. 노란색=입력칸.

Sheet 수
A1: 육류 단가표 - 수요일 (2026-10-28)
A3: 기본 마진율 | C3: 0.15 | D3: ← 가정치, 변경 가능
A5: 품목 | B5: 브랜드 | C5: 원산지 | D5: 보관 | E5: 매입단가 | F5: 미트박스 시세 | G5: 금천미트 시세 | H5: 시세평균 | I5: 견적가(마진적용) | J5: 시세평균 대비 | K5: 고객 수량(kg) | L5: 견적 금액 | M5: 메모/출처
A6: =기준단가!B4 -> 돈목살(성산한방) | B6: =기준단가!C4 -> 성산 | C6: =기준단가!D4 -> 국내산 | D6: =기준단가!E4 -> 냉장 | E6: =기준단가!G4 -> 18000 | H6: =IF(COUNT(F6:G6)=0,"",AVERAGE(F6:G6)) | I6: =ROUND(E6*(1+$C$3),-1) -> 20700 | J6: =IF(H6="","",I6/H6-1) | L6: =IF(K6="","",K6*I6)
A7: =기준단가!B5 -> 돈미박삼겹살 | B7: =기준단가!C5 -> 성산 | C7: =기준단가!D5 -> 국내산 | D7: =기준단가!E5 -> 냉장 | E7: =기준단가!G5 -> 18000 | H7: =IF(COUNT(F7:G7)=0,"",AVERAGE(F7:G7)) | I7: =ROUND(E7*(1+$C$3),-1) -> 20700 | J7: =IF(H7="","",I7/H7-1) | L7: =IF(K7="","",K7*I7)
A8: =기준단가!B6 -> 돈삼겹살 | B8: =기준단가!C6 -> 성산 | C8: =기준단가!D6 -> 국내산 | D8: =기준단가!E6 -> 냉장 | E8: =기준단가!G6 -> 18500 | H8: =IF(COUNT(F8:G8)=0,"",AVERAGE(F8:G8)) | I8: =ROUND(E8*(1+$C$3),-1) -> 21280 | J8: =IF(H8="","",I8/H8-1) | L8: =IF(K8="","",K8*I8)
A9: =기준단가!B7 -> 오즈갈비 | B9: =기준단가!C7 -> - | C9: =기준단가!D7 -> - | D9: =기준단가!E7 -> 냉동 | E9: =기준단가!G7 -> 10000 | H9: =IF(COUNT(F9:G9)=0,"",AVERAGE(F9:G9)) | I9: =ROUND(E9*(1+$C$3),-1) -> 11500 | J9: =IF(H9="","",I9/H9-1) | L9: =IF(K9="","",K9*I9)
A10: =기준단가!B8 -> 우볼살 | B10: =기준단가!C8 -> KILCOY | C10: =기준단가!D8 -> 호주산 | D10: =기준단가!E8 -> 냉동 | E10: =기준단가!G8 -> 14000 | H10: =IF(COUNT(F10:G10)=0,"",AVERAGE(F10:G10)) | I10: =ROUND(E10*(1+$C$3),-1) -> 16100 | J10: =IF(H10="","",I10/H10-1) | L10: =IF(K10="","",K10*I10)
A11: =기준단가!B9 -> 우볼살(작업) | B11: =기준단가!C9 -> AMH | C11: =기준단가!D9 -> 호주산 | D11: =기준단가!E9 -> 냉동 | E11: =기준단가!G9 -> 11000 | H11: =IF(COUNT(F11:G11)=0,"",AVERAGE(F11:G11)) | I11: =ROUND(E11*(1+$C$3),-1) -> 12650 | J11: =IF(H11="","",I11/H11-1) | L11: =IF(K11="","",K11*I11)
A12: =기준단가!B10 -> 돈삼겹살 | B12: =기준단가!C10 -> MARCHER | C12: =기준단가!D10 -> 오스트리아 | D12: =기준단가!E10 -> 냉동 | E12: =기준단가!G10 -> 6000 | H12: =IF(COUNT(F12:G12)=0,"",AVERAGE(F12:G12)) | I12: =ROUND(E12*(1+$C$3),-1) -> 6900 | J12: =IF(H12="","",I12/H12-1) | L12: =IF(K12="","",K12*I12)
A13: =기준단가!B11 -> 와규등심 | B13: =기준단가!C11 -> - | C13: =기준단가!D11 -> - | D13: =기준단가!E11 -> - | E13: =기준단가!G11 -> 43000 | H13: =IF(COUNT(F13:G13)=0,"",AVERAGE(F13:G13)) | I13: =ROUND(E13*(1+$C$3),-1) -> 49450 | J13: =IF(H13="","",I13/H13-1) | L13: =IF(K13="","",K13*I13)
A14: =기준단가!B12 -> 우곱창(곡물) | B14: =기준단가!C12 -> OAKEY | C14: =기준단가!D12 -> 호주산 | D14: =기준단가!E12 -> 냉동 | E14: =기준단가!G12 -> 4500 | H14: =IF(COUNT(F14:G14)=0,"",AVERAGE(F14:G14)) | I14: =ROUND(E14*(1+$C$3),-1) -> 5180 | J14: =IF(H14="","",I14/H14-1) | L14: =IF(K14="","",K14*I14)
A15: =기준단가!B13 -> 우깐양 | B15: =기준단가!C13 -> TEYS | C15: =기준단가!D13 -> 호주산 | D15: =기준단가!E13 -> 냉동 | E15: =기준단가!G13 -> 4700 | H15: =IF(COUNT(F15:G15)=0,"",AVERAGE(F15:G15)) | I15: =ROUND(E15*(1+$C$3),-1) -> 5410 | J15: =IF(H15="","",I15/H15-1) | L15: =IF(K15="","",K15*I15)
A16: =기준단가!B14 -> 돈가브리살 | B16: =기준단가!C14 -> - | C16: =기준단가!D14 -> - | D16: =기준단가!E14 -> 냉동 | E16: =기준단가!G14 -> 22000 | H16: =IF(COUNT(F16:G16)=0,"",AVERAGE(F16:G16)) | I16: =ROUND(E16*(1+$C$3),-1) -> 25300 | J16: =IF(H16="","",I16/H16-1) | L16: =IF(K16="","",K16*I16)
A17: =기준단가!B15 -> 돈항정살 | B17: =기준단가!C15 -> - | C17: =기준단가!D15 -> - | D17: =기준단가!E15 -> 냉동 | E17: =기준단가!G15 -> 31000 | H17: =IF(COUNT(F17:G17)=0,"",AVERAGE(F17:G17)) | I17: =ROUND(E17*(1+$C$3),-1) -> 35650 | J17: =IF(H17="","",I17/H17-1) | L17: =IF(K17="","",K17*I17)
... A24: =기준단가!B22 -> 우차돌박이 | B24: =기준단가!C22 -> EXCEL | C24: =기준단가!D22 -> 미국산 | D24: =기준단가!E22 -> 냉동 | E24: =기준단가!G22 -> 24000 | H24: =IF(COUNT(F24:G24)=0,"",AVERAGE(F24:G24)) | I24: =ROUND(E24*(1+$C$3),-1) -> 27600 | J24: =IF(H24="","",I24/H24-1) | L24: =IF(K24="","",K24*I24)
A26: 합계(견적 금액) | L26: =SUM(L6:L24) -> 0
A28: 예시: 미트박스 시세 칸에 같은 브랜드 제품의 kg당 가격을 입력 → 시세평균·견적가 비교가 자동 계산됩니다. 노란색=입력칸.

Sheet 목
A1: 육류 단가표 - 목요일 (2026-10-29)
A3: 기본 마진율 | C3: 0.15 | D3: ← 가정치, 변경 가능
A5: 품목 | B5: 브랜드 | C5: 원산지 | D5: 보관 | E5: 매입단가 | F5: 미트박스 시세 | G5: 금천미트 시세 | H5: 시세평균 | I5: 견적가(마진적용) | J5: 시세평균 대비 | K5: 고객 수량(kg) | L5: 견적 금액 | M5: 메모/출처
A6: =기준단가!B4 -> 돈목살(성산한방) | B6: =기준단가!C4 -> 성산 | C6: =기준단가!D4 -> 국내산 | D6: =기준단가!E4 -> 냉장 | E6: =기준단가!G4 -> 18000 | H6: =IF(COUNT(F6:G6)=0,"",AVERAGE(F6:G6)) | I6: =ROUND(E6*(1+$C$3),-1) -> 20700 | J6: =IF(H6="","",I6/H6-1) | L6: =IF(K6="","",K6*I6)
A7: =기준단가!B5 -> 돈미박삼겹살 | B7: =기준단가!C5 -> 성산 | C7: =기준단가!D5 -> 국내산 | D7: =기준단가!E5 -> 냉장 | E7: =기준단가!G5 -> 18000 | H7: =IF(COUNT(F7:G7)=0,"",AVERAGE(F7:G7)) | I7: =ROUND(E7*(1+$C$3),-1) -> 20700 | J7: =IF(H7="","",I7/H7-1) | L7: =IF(K7="","",K7*I7)
A8: =기준단가!B6 -> 돈삼겹살 | B8: =기준단가!C6 -> 성산 | C8: =기준단가!D6 -> 국내산 | D8: =기준단가!E6 -> 냉장 | E8: =기준단가!G6 -> 18500 | H8: =IF(COUNT(F8:G8)=0,"",AVERAGE(F8:G8)) | I8: =ROUND(E8*(1+$C$3),-1) -> 21280 | J8: =IF(H8="","",I8/H8-1) | L8: =IF(K8="","",K8*I8)
A9: =기준단가!B7 -> 오즈갈비 | B9: =기준단가!C7 -> - | C9: =기준단가!D7 -> - | D9: =기준단가!E7 -> 냉동 | E9: =기준단가!G7 -> 10000 | H9: =IF(COUNT(F9:G9)=0,"",AVERAGE(F9:G9)) | I9: =ROUND(E9*(1+$C$3),-1) -> 11500 | J9: =IF(H9="","",I9/H9-1) | L9: =IF(K9="","",K9*I9)
A10: =기준단가!B8 -> 우볼살 | B10: =기준단가!C8 -> KILCOY | C10: =기준단가!D8 -> 호주산 | D10: =기준단가!E8 -> 냉동 | E10: =기준단가!G8 -> 14000 | H10: =IF(COUNT(F10:G10)=0,"",AVERAGE(F10:G10)) | I10: =ROUND(E10*(1+$C$3),-1) -> 16100 | J10: =IF(H10="","",I10/H10-1) | L10: =IF(K10="","",K10*I10)
A11: =기준단가!B9 -> 우볼살(작업) | B11: =기준단가!C9 -> AMH | C11: =기준단가!D9 -> 호주산 | D11: =기준단가!E9 -> 냉동 | E11: =기준단가!G9 -> 11000 | H11: =IF(COUNT(F11:G11)=0,"",AVERAGE(F11:G11)) | I11: =ROUND(E11*(1+$C$3),-1) -> 12650 | J11: =IF(H11="","",I11/H11-1) | L11: =IF(K11="","",K11*I11)
A12: =기준단가!B10 -> 돈삼겹살 | B12: =기준단가!C10 -> MARCHER | C12: =기준단가!D10 -> 오스트리아 | D12: =기준단가!E10 -> 냉동 | E12: =기준단가!G10 -> 6000 | H12: =IF(COUNT(F12:G12)=0,"",AVERAGE(F12:G12)) | I12: =ROUND(E12*(1+$C$3),-1) -> 6900 | J12: =IF(H12="","",I12/H12-1) | L12: =IF(K12="","",K12*I12)
A13: =기준단가!B11 -> 와규등심 | B13: =기준단가!C11 -> - | C13: =기준단가!D11 -> - | D13: =기준단가!E11 -> - | E13: =기준단가!G11 -> 43000 | H13: =IF(COUNT(F13:G13)=0,"",AVERAGE(F13:G13)) | I13: =ROUND(E13*(1+$C$3),-1) -> 49450 | J13: =IF(H13="","",I13/H13-1) | L13: =IF(K13="","",K13*I13)
A14: =기준단가!B12 -> 우곱창(곡물) | B14: =기준단가!C12 -> OAKEY | C14: =기준단가!D12 -> 호주산 | D14: =기준단가!E12 -> 냉동 | E14: =기준단가!G12 -> 4500 | H14: =IF(COUNT(F14:G14)=0,"",AVERAGE(F14:G14)) | I14: =ROUND(E14*(1+$C$3),-1) -> 5180 | J14: =IF(H14="","",I14/H14-1) | L14: =IF(K14="","",K14*I14)
A15: =기준단가!B13 -> 우깐양 | B15: =기준단가!C13 -> TEYS | C15: =기준단가!D13 -> 호주산 | D15: =기준단가!E13 -> 냉동 | E15: =기준단가!G13 -> 4700 | H15: =IF(COUNT(F15:G15)=0,"",AVERAGE(F15:G15)) | I15: =ROUND(E15*(1+$C$3),-1) -> 5410 | J15: =IF(H15="","",I15/H15-1) | L15: =IF(K15="","",K15*I15)
A16: =기준단가!B14 -> 돈가브리살 | B16: =기준단가!C14 -> - | C16: =기준단가!D14 -> - | D16: =기준단가!E14 -> 냉동 | E16: =기준단가!G14 -> 22000 | H16: =IF(COUNT(F16:G16)=0,"",AVERAGE(F16:G16)) | I16: =ROUND(E16*(1+$C$3),-1) -> 25300 | J16: =IF(H16="","",I16/H16-1) | L16: =IF(K16="","",K16*I16)
A17: =기준단가!B15 -> 돈항정살 | B17: =기준단가!C15 -> - | C17: =기준단가!D15 -> - | D17: =기준단가!E15 -> 냉동 | E17: =기준단가!G15 -> 31000 | H17: =IF(COUNT(F17:G17)=0,"",AVERAGE(F17:G17)) | I17: =ROUND(E17*(1+$C$3),-1) -> 35650 | J17: =IF(H17="","",I17/H17-1) | L17: =IF(K17="","",K17*I17)
... A24: =기준단가!B22 -> 우차돌박이 | B24: =기준단가!C22 -> EXCEL | C24: =기준단가!D22 -> 미국산 | D24: =기준단가!E22 -> 냉동 | E24: =기준단가!G22 -> 24000 | H24: =IF(COUNT(F24:G24)=0,"",AVERAGE(F24:G24)) | I24: =ROUND(E24*(1+$C$3),-1) -> 27600 | J24: =IF(H24="","",I24/H24-1) | L24: =IF(K24="","",K24*I24)
A26: 합계(견적 금액) | L26: =SUM(L6:L24) -> 0
A28: 예시: 미트박스 시세 칸에 같은 브랜드 제품의 kg당 가격을 입력 → 시세평균·견적가 비교가 자동 계산됩니다. 노란색=입력칸.

Sheet 금
A1: 육류 단가표 - 금요일 (2026-10-30)
A3: 기본 마진율 | C3: 0.15 | D3: ← 가정치, 변경 가능
A5: 품목 | B5: 브랜드 | C5: 원산지 | D5: 보관 | E5: 매입단가 | F5: 미트박스 시세 | G5: 금천미트 시세 | H5: 시세평균 | I5: 견적가(마진적용) | J5: 시세평균 대비 | K5: 고객 수량(kg) | L5: 견적 금액 | M5: 메모/출처
A6: =기준단가!B4 -> 돈목살(성산한방) | B6: =기준단가!C4 -> 성산 | C6: =기준단가!D4 -> 국내산 | D6: =기준단가!E4 -> 냉장 | E6: =기준단가!G4 -> 18000 | H6: =IF(COUNT(F6:G6)=0,"",AVERAGE(F6:G6)) | I6: =ROUND(E6*(1+$C$3),-1) -> 20700 | J6: =IF(H6="","",I6/H6-1) | L6: =IF(K6="","",K6*I6)
A7: =기준단가!B5 -> 돈미박삼겹살 | B7: =기준단가!C5 -> 성산 | C7: =기준단가!D5 -> 국내산 | D7: =기준단가!E5 -> 냉장 | E7: =기준단가!G5 -> 18000 | H7: =IF(COUNT(F7:G7)=0,"",AVERAGE(F7:G7)) | I7: =ROUND(E7*(1+$C$3),-1) -> 20700 | J7: =IF(H7="","",I7/H7-1) | L7: =IF(K7="","",K7*I7)
A8: =기준단가!B6 -> 돈삼겹살 | B8: =기준단가!C6 -> 성산 | C8: =기준단가!D6 -> 국내산 | D8: =기준단가!E6 -> 냉장 | E8: =기준단가!G6 -> 18500 | H8: =IF(COUNT(F8:G8)=0,"",AVERAGE(F8:G8)) | I8: =ROUND(E8*(1+$C$3),-1) -> 21280 | J8: =IF(H8="","",I8/H8-1) | L8: =IF(K8="","",K8*I8)
A9: =기준단가!B7 -> 오즈갈비 | B9: =기준단가!C7 -> - | C9: =기준단가!D7 -> - | D9: =기준단가!E7 -> 냉동 | E9: =기준단가!G7 -> 10000 | H9: =IF(COUNT(F9:G9)=0,"",AVERAGE(F9:G9)) | I9: =ROUND(E9*(1+$C$3),-1) -> 11500 | J9: =IF(H9="","",I9/H9-1) | L9: =IF(K9="","",K9*I9)
A10: =기준단가!B8 -> 우볼살 | B10: =기준단가!C8 -> KILCOY | C10: =기준단가!D8 -> 호주산 | D10: =기준단가!E8 -> 냉동 | E10: =기준단가!G8 -> 14000 | H10: =IF(COUNT(F10:G10)=0,"",AVERAGE(F10:G10)) | I10: =ROUND(E10*(1+$C$3),-1) -> 16100 | J10: =IF(H10="","",I10/H10-1) | L10: =IF(K10="","",K10*I10)
A11: =기준단가!B9 -> 우볼살(작업) | B11: =기준단가!C9 -> AMH | C11: =기준단가!D9 -> 호주산 | D11: =기준단가!E9 -> 냉동 | E11: =기준단가!G9 -> 11000 | H11: =IF(COUNT(F11:G11)=0,"",AVERAGE(F11:G11)) | I11: =ROUND(E11*(1+$C$3),-1) -> 12650 | J11: =IF(H11="","",I11/H11-1) | L11: =IF(K11="","",K11*I11)
A12: =기준단가!B10 -> 돈삼겹살 | B12: =기준단가!C10 -> MARCHER | C12: =기준단가!D10 -> 오스트리아 | D12: =기준단가!E10 -> 냉동 | E12: =기준단가!G10 -> 6000 | H12: =IF(COUNT(F12:G12)=0,"",AVERAGE(F12:G12)) | I12: =ROUND(E12*(1+$C$3),-1) -> 6900 | J12: =IF(H12="","",I12/H12-1) | L12: =IF(K12="","",K12*I12)
A13: =기준단가!B11 -> 와규등심 | B13: =기준단가!C11 -> - | C13: =기준단가!D11 -> - | D13: =기준단가!E11 -> - | E13: =기준단가!G11 -> 43000 | H13: =IF(COUNT(F13:G13)=0,"",AVERAGE(F13:G13)) | I13: =ROUND(E13*(1+$C$3),-1) -> 49450 | J13: =IF(H13="","",I13/H13-1) | L13: =IF(K13="","",K13*I13)
A14: =기준단가!B12 -> 우곱창(곡물) | B14: =기준단가!C12 -> OAKEY | C14: =기준단가!D12 -> 호주산 | D14: =기준단가!E12 -> 냉동 | E14: =기준단가!G12 -> 4500 | H14: =IF(COUNT(F14:G14)=0,"",AVERAGE(F14:G14)) | I14: =ROUND(E14*(1+$C$3),-1) -> 5180 | J14: =IF(H14="","",I14/H14-1) | L14: =IF(K14="","",K14*I14)
A15: =기준단가!B13 -> 우깐양 | B15: =기준단가!C13 -> TEYS | C15: =기준단가!D13 -> 호주산 | D15: =기준단가!E13 -> 냉동 | E15: =기준단가!G13 -> 4700 | H15: =IF(COUNT(F15:G15)=0,"",AVERAGE(F15:G15)) | I15: =ROUND(E15*(1+$C$3),-1) -> 5410 | J15: =IF(H15="","",I15/H15-1) | L15: =IF(K15="","",K15*I15)
A16: =기준단가!B14 -> 돈가브리살 | B16: =기준단가!C14 -> - | C16: =기준단가!D14 -> - | D16: =기준단가!E14 -> 냉동 | E16: =기준단가!G14 -> 22000 | H16: =IF(COUNT(F16:G16)=0,"",AVERAGE(F16:G16)) | I16: =ROUND(E16*(1+$C$3),-1) -> 25300 | J16: =IF(H16="","",I16/H16-1) | L16: =IF(K16="","",K16*I16)
A17: =기준단가!B15 -> 돈항정살 | B17: =기준단가!C15 -> - | C17: =기준단가!D15 -> - | D17: =기준단가!E15 -> 냉동 | E17: =기준단가!G15 -> 31000 | H17: =IF(COUNT(F17:G17)=0,"",AVERAGE(F17:G17)) | I17: =ROUND(E17*(1+$C$3),-1) -> 35650 | J17: =IF(H17="","",I17/H17-1) | L17: =IF(K17="","",K17*I17)
... A24: =기준단가!B22 -> 우차돌박이 | B24: =기준단가!C22 -> EXCEL | C24: =기준단가!D22 -> 미국산 | D24: =기준단가!E22 -> 냉동 | E24: =기준단가!G22 -> 24000 | H24: =IF(COUNT(F24:G24)=0,"",AVERAGE(F24:G24)) | I24: =ROUND(E24*(1+$C$3),-1) -> 27600 | J24: =IF(H24="","",I24/H24-1) | L24: =IF(K24="","",K24*I24)
A26: 합계(견적 금액) | L26: =SUM(L6:L24) -> 0
A28: 예시: 미트박스 시세 칸에 같은 브랜드 제품의 kg당 가격을 입력 → 시세평균·견적가 비교가 자동 계산됩니다. 노란색=입력칸.

Sheet 토
A1: 육류 단가표 - 토요일 (2026-10-31)
A3: 기본 마진율 | C3: 0.15 | D3: ← 가정치, 변경 가능
A5: 품목 | B5: 브랜드 | C5: 원산지 | D5: 보관 | E5: 매입단가 | F5: 미트박스 시세 | G5: 금천미트 시세 | H5: 시세평균 | I5: 견적가(마진적용) | J5: 시세평균 대비 | K5: 고객 수량(kg) | L5: 견적 금액 | M5: 메모/출처
A6: =기준단가!B4 -> 돈목살(성산한방) | B6: =기준단가!C4 -> 성산 | C6: =기준단가!D4 -> 국내산 | D6: =기준단가!E4 -> 냉장 | E6: =기준단가!G4 -> 18000 | H6: =IF(COUNT(F6:G6)=0,"",AVERAGE(F6:G6)) | I6: =ROUND(E6*(1+$C$3),-1) -> 20700 | J6: =IF(H6="","",I6/H6-1) | L6: =IF(K6="","",K6*I6)
A7: =기준단가!B5 -> 돈미박삼겹살 | B7: =기준단가!C5 -> 성산 | C7: =기준단가!D5 -> 국내산 | D7: =기준단가!E5 -> 냉장 | E7: =기준단가!G5 -> 18000 | H7: =IF(COUNT(F7:G7)=0,"",AVERAGE(F7:G7)) | I7: =ROUND(E7*(1+$C$3),-1) -> 20700 | J7: =IF(H7="","",I7/H7-1) | L7: =IF(K7="","",K7*I7)
A8: =기준단가!B6 -> 돈삼겹살 | B8: =기준단가!C6 -> 성산 | C8: =기준단가!D6 -> 국내산 | D8: =기준단가!E6 -> 냉장 | E8: =기준단가!G6 -> 18500 | H8: =IF(COUNT(F8:G8)=0,"",AVERAGE(F8:G8)) | I8: =ROUND(E8*(1+$C$3),-1) -> 21280 | J8: =IF(H8="","",I8/H8-1) | L8: =IF(K8="","",K8*I8)
A9: =기준단가!B7 -> 오즈갈비 | B9: =기준단가!C7 -> - | C9: =기준단가!D7 -> - | D9: =기준단가!E7 -> 냉동 | E9: =기준단가!G7 -> 10000 | H9: =IF(COUNT(F9:G9)=0,"",AVERAGE(F9:G9)) | I9: =ROUND(E9*(1+$C$3),-1) -> 11500 | J9: =IF(H9="","",I9/H9-1) | L9: =IF(K9="","",K9*I9)
A10: =기준단가!B8 -> 우볼살 | B10: =기준단가!C8 -> KILCOY | C10: =기준단가!D8 -> 호주산 | D10: =기준단가!E8 -> 냉동 | E10: =기준단가!G8 -> 14000 | H10: =IF(COUNT(F10:G10)=0,"",AVERAGE(F10:G10)) | I10: =ROUND(E10*(1+$C$3),-1) -> 16100 | J10: =IF(H10="","",I10/H10-1) | L10: =IF(K10="","",K10*I10)
A11: =기준단가!B9 -> 우볼살(작업) | B11: =기준단가!C9 -> AMH | C11: =기준단가!D9 -> 호주산 | D11: =기준단가!E9 -> 냉동 | E11: =기준단가!G9 -> 11000 | H11: =IF(COUNT(F11:G11)=0,"",AVERAGE(F11:G11)) | I11: =ROUND(E11*(1+$C$3),-1) -> 12650 | J11: =IF(H11="","",I11/H11-1) | L11: =IF(K11="","",K11*I11)
A12: =기준단가!B10 -> 돈삼겹살 | B12: =기준단가!C10 -> MARCHER | C12: =기준단가!D10 -> 오스트리아 | D12: =기준단가!E10 -> 냉동 | E12: =기준단가!G10 -> 6000 | H12: =IF(COUNT(F12:G12)=0,"",AVERAGE(F12:G12)) | I12: =ROUND(E12*(1+$C$3),-1) -> 6900 | J12: =IF(H12="","",I12/H12-1) | L12: =IF(K12="","",K12*I12)
A13: =기준단가!B11 -> 와규등심 | B13: =기준단가!C11 -> - | C13: =기준단가!D11 -> - | D13: =기준단가!E11 -> - | E13: =기준단가!G11 -> 43000 | H13: =IF(COUNT(F13:G13)=0,"",AVERAGE(F13:G13)) | I13: =ROUND(E13*(1+$C$3),-1) -> 49450 | J13: =IF(H13="","",I13/H13-1) | L13: =IF(K13="","",K13*I13)
A14: =기준단가!B12 -> 우곱창(곡물) | B14: =기준단가!C12 -> OAKEY | C14: =기준단가!D12 -> 호주산 | D14: =기준단가!E12 -> 냉동 | E14: =기준단가!G12 -> 4500 | H14: =IF(COUNT(F14:G14)=0,"",AVERAGE(F14:G14)) | I14: =ROUND(E14*(1+$C$3),-1) -> 5180 | J14: =IF(H14="","",I14/H14-1) | L14: =IF(K14="","",K14*I14)
A15: =기준단가!B13 -> 우깐양 | B15: =기준단가!C13 -> TEYS | C15: =기준단가!D13 -> 호주산 | D15: =기준단가!E13 -> 냉동 | E15: =기준단가!G13 -> 4700 | H15: =IF(COUNT(F15:G15)=0,"",AVERAGE(F15:G15)) | I15: =ROUND(E15*(1+$C$3),-1) -> 5410 | J15: =IF(H15="","",I15/H15-1) | L15: =IF(K15="","",K15*I15)
A16: =기준단가!B14 -> 돈가브리살 | B16: =기준단가!C14 -> - | C16: =기준단가!D14 -> - | D16: =기준단가!E14 -> 냉동 | E16: =기준단가!G14 -> 22000 | H16: =IF(COUNT(F16:G16)=0,"",AVERAGE(F16:G16)) | I16: =ROUND(E16*(1+$C$3),-1) -> 25300 | J16: =IF(H16="","",I16/H16-1) | L16: =IF(K16="","",K16*I16)
A17: =기준단가!B15 -> 돈항정살 | B17: =기준단가!C15 -> - | C17: =기준단가!D15 -> - | D17: =기준단가!E15 -> 냉동 | E17: =기준단가!G15 -> 31000 | H17: =IF(COUNT(F17:G17)=0,"",AVERAGE(F17:G17)) | I17: =ROUND(E17*(1+$C$3),-1) -> 35650 | J17: =IF(H17="","",I17/H17-1) | L17: =IF(K17="","",K17*I17)
... A24: =기준단가!B22 -> 우차돌박이 | B24: =기준단가!C22 -> EXCEL | C24: =기준단가!D22 -> 미국산 | D24: =기준단가!E22 -> 냉동 | E24: =기준단가!G22 -> 24000 | H24: =IF(COUNT(F24:G24)=0,"",AVERAGE(F24:G24)) | I24: =ROUND(E24*(1+$C$3),-1) -> 27600 | J24: =IF(H24="","",I24/H24-1) | L24: =IF(K24="","",K24*I24)
A26: 합계(견적 금액) | L26: =SUM(L6:L24) -> 0
A28: 예시: 미트박스 시세 칸에 같은 브랜드 제품의 kg당 가격을 입력 → 시세평균·견적가 비교가 자동 계산됩니다. 노란색=입력칸.

Sheet 일
A1: 육류 단가표 - 일요일 (2026-11-01)
A3: 기본 마진율 | C3: 0.15 | D3: ← 가정치, 변경 가능
A5: 품목 | B5: 브랜드 | C5: 원산지 | D5: 보관 | E5: 매입단가 | F5: 미트박스 시세 | G5: 금천미트 시세 | H5: 시세평균 | I5: 견적가(마진적용) | J5: 시세평균 대비 | K5: 고객 수량(kg) | L5: 견적 금액 | M5: 메모/출처
A6: =기준단가!B4 -> 돈목살(성산한방) | B6: =기준단가!C4 -> 성산 | C6: =기준단가!D4 -> 국내산 | D6: =기준단가!E4 -> 냉장 | E6: =기준단가!G4 -> 18000 | H6: =IF(COUNT(F6:G6)=0,"",AVERAGE(F6:G6)) | I6: =ROUND(E6*(1+$C$3),-1) -> 20700 | J6: =IF(H6="","",I6/H6-1) | L6: =IF(K6="","",K6*I6)
A7: =기준단가!B5 -> 돈미박삼겹살 | B7: =기준단가!C5 -> 성산 | C7: =기준단가!D5 -> 국내산 | D7: =기준단가!E5 -> 냉장 | E7: =기준단가!G5 -> 18000 | H7: =IF(COUNT(F7:G7)=0,"",AVERAGE(F7:G7)) | I7: =ROUND(E7*(1+$C$3),-1) -> 20700 | J7: =IF(H7="","",I7/H7-1) | L7: =IF(K7="","",K7*I7)
A8: =기준단가!B6 -> 돈삼겹살 | B8: =기준단가!C6 -> 성산 | C8: =기준단가!D6 -> 국내산 | D8: =기준단가!E6 -> 냉장 | E8: =기준단가!G6 -> 18500 | H8: =IF(COUNT(F8:G8)=0,"",AVERAGE(F8:G8)) | I8: =ROUND(E8*(1+$C$3),-1) -> 21280 | J8: =IF(H8="","",I8/H8-1) | L8: =IF(K8="","",K8*I8)
A9: =기준단가!B7 -> 오즈갈비 | B9: =기준단가!C7 -> - | C9: =기준단가!D7 -> - | D9: =기준단가!E7 -> 냉동 | E9: =기준단가!G7 -> 10000 | H9: =IF(COUNT(F9:G9)=0,"",AVERAGE(F9:G9)) | I9: =ROUND(E9*(1+$C$3),-1) -> 11500 | J9: =IF(H9="","",I9/H9-1) | L9: =IF(K9="","",K9*I9)
A10: =기준단가!B8 -> 우볼살 | B10: =기준단가!C8 -> KILCOY | C10: =기준단가!D8 -> 호주산 | D10: =기준단가!E8 -> 냉동 | E10: =기준단가!G8 -> 14000 | H10: =IF(COUNT(F10:G10)=0,"",AVERAGE(F10:G10)) | I10: =ROUND(E10*(1+$C$3),-1) -> 16100 | J10: =IF(H10="","",I10/H10-1) | L10: =IF(K10="","",K10*I10)
A11: =기준단가!B9 -> 우볼살(작업) | B11: =기준단가!C9 -> AMH | C11: =기준단가!D9 -> 호주산 | D11: =기준단가!E9 -> 냉동 | E11: =기준단가!G9 -> 11000 | H11: =IF(COUNT(F11:G11)=0,"",AVERAGE(F11:G11)) | I11: =ROUND(E11*(1+$C$3),-1) -> 12650 | J11: =IF(H11="","",I11/H11-1) | L11: =IF(K11="","",K11*I11)
A12: =기준단가!B10 -> 돈삼겹살 | B12: =기준단가!C10 -> MARCHER | C12: =기준단가!D10 -> 오스트리아 | D12: =기준단가!E10 -> 냉동 | E12: =기준단가!G10 -> 6000 | H12: =IF(COUNT(F12:G12)=0,"",AVERAGE(F12:G12)) | I12: =ROUND(E12*(1+$C$3),-1) -> 6900 | J12: =IF(H12="","",I12/H12-1) | L12: =IF(K12="","",K12*I12)
A13: =기준단가!B11 -> 와규등심 | B13: =기준단가!C11 -> - | C13: =기준단가!D11 -> - | D13: =기준단가!E11 -> - | E13: =기준단가!G11 -> 43000 | H13: =IF(COUNT(F13:G13)=0,"",AVERAGE(F13:G13)) | I13: =ROUND(E13*(1+$C$3),-1) -> 49450 | J13: =IF(H13="","",I13/H13-1) | L13: =IF(K13="","",K13*I13)
A14: =기준단가!B12 -> 우곱창(곡물) | B14: =기준단가!C12 -> OAKEY | C14: =기준단가!D12 -> 호주산 | D14: =기준단가!E12 -> 냉동 | E14: =기준단가!G12 -> 4500 | H14: =IF(COUNT(F14:G14)=0,"",AVERAGE(F14:G14)) | I14: =ROUND(E14*(1+$C$3),-1) -> 5180 | J14: =IF(H14="","",I14/H14-1) | L14: =IF(K14="","",K14*I14)
A15: =기준단가!B13 -> 우깐양 | B15: =기준단가!C13 -> TEYS | C15: =기준단가!D13 -> 호주산 | D15: =기준단가!E13 -> 냉동 | E15: =기준단가!G13 -> 4700 | H15: =IF(COUNT(F15:G15)=0,"",AVERAGE(F15:G15)) | I15: =ROUND(E15*(1+$C$3),-1) -> 5410 | J15: =IF(H15="","",I15/H15-1) | L15: =IF(K15="","",K15*I15)
A16: =기준단가!B14 -> 돈가브리살 | B16: =기준단가!C14 -> - | C16: =기준단가!D14 -> - | D16: =기준단가!E14 -> 냉동 | E16: =기준단가!G14 -> 22000 | H16: =IF(COUNT(F16:G16)=0,"",AVERAGE(F16:G16)) | I16: =ROUND(E16*(1+$C$3),-1) -> 25300 | J16: =IF(H16="","",I16/H16-1) | L16: =IF(K16="","",K16*I16)
A17: =기준단가!B15 -> 돈항정살 | B17: =기준단가!C15 -> - | C17: =기준단가!D15 -> - | D17: =기준단가!E15 -> 냉동 | E17: =기준단가!G15 -> 31000 | H17: =IF(COUNT(F17:G17)=0,"",AVERAGE(F17:G17)) | I17: =ROUND(E17*(1+$C$3),-1) -> 35650 | J17: =IF(H17="","",I17/H17-1) | L17: =IF(K17="","",K17*I17)
... A24: =기준단가!B22 -> 우차돌박이 | B24: =기준단가!C22 -> EXCEL | C24: =기준단가!D22 -> 미국산 | D24: =기준단가!E22 -> 냉동 | E24: =기준단가!G22 -> 24000 | H24: =IF(COUNT(F24:G24)=0,"",AVERAGE(F24:G24)) | I24: =ROUND(E24*(1+$C$3),-1) -> 27600 | J24: =IF(H24="","",I24/H24-1) | L24: =IF(K24="","",K24*I24)
A26: 합계(견적 금액) | L26: =SUM(L6:L24) -> 0
A28: 예시: 미트박스 시세 칸에 같은 브랜드 제품의 kg당 가격을 입력 → 시세평균·견적가 비교가 자동 계산됩니다. 노란색=입력칸.
